,total_quejas,tasa_conciliacion,mediana_dias_resolucion,promedio_monto_reclamado,promedio_porcentaje_recuperado,usuarios_totales
total_quejas,1.0,-0.19641768058177872,-0.3628076237634444,0.22873706863764404,0.8826818665011271,0.9458472310567901
tasa_conciliacion,-0.19641768058177872,1.0,0.30475632724744195,-0.6957173046445881,0.07502209642044036,-0.3718224117419952
mediana_dias_resolucion,-0.3628076237634444,0.30475632724744195,1.0,0.24201040263295304,-0.3105075662434581,-0.19445299012231426
promedio_monto_reclamado,0.22873706863764404,-0.6957173046445881,0.24201040263295304,1.0,0.09219713924247923,0.4883513803527089
promedio_porcentaje_recuperado,0.8826818665011271,0.07502209642044036,-0.3105075662434581,0.09219713924247923,1.0,0.7400609239409099
usuarios_totales,0.9458472310567901,-0.3718224117419952,-0.19445299012231426,0.4883513803527089,0.7400609239409099,1.0
