proveedor_top,Dim1,Dim2
AT&T,1.5922943460752619,-2.22890448013627
IZZI,-0.4043302966700167,1.0295661451866025
MEGACABLE,-2.106538020970804,2.4259944219807466
MOVISTAR,0.973751252792861,-0.9027623430605292
TELCEL,-1.5520269051584639,-2.7371355910303805
TELMEX,2.5875611806556864,1.1452465280092863
TOTALPLAY,-1.090711556724524,1.2679953190505435
