proveedor_top,PC1,PC2,varianza_explicada_PC1,varianza_explicada_PC2
AT&T,-0.09663670297915697,2.4658787122272083,0.5106970694666797,0.2706748177574284
IZZI,-0.860093849078915,-0.5185197634460795,0.5106970694666797,0.2706748177574284
MEGACABLE,-0.736266818298596,-1.9572507113587818,0.5106970694666797,0.2706748177574284
MOVISTAR,0.4576681753339669,0.750194840708619,0.5106970694666797,0.2706748177574284
TELCEL,3.9804968126428735,-0.49806094380636096,0.5106970694666797,0.2706748177574284
TELMEX,-1.7826449930851418,0.2959483524825849,0.5106970694666797,0.2706748177574284
TOTALPLAY,-0.9625226245350288,-0.5381904868071905,0.5106970694666797,0.2706748177574284
