proveedor_top,total_quejas,tasa_conciliacion,mediana_dias_resolucion,promedio_monto_reclamado,promedio_porcentaje_recuperado,usuarios_totales
AT&T,-0.6066329639885119,-1.7338867734875147,-0.20058074699077333,1.3707185765687504,-1.354265711931317,-0.0014279891279375407
IZZI,-0.2855940819409003,-0.008447601259431474,-0.13208976021343616,-1.0323954690834627,-0.35442478683955553,-0.5338664481521047
MEGACABLE,-0.1611181707553381,1.3354793367415314,-1.0224725883188197,-1.2716841947193644,0.3052893120446339,-0.6032760452363745
MOVISTAR,-0.1606990599432655,-0.4817413639606568,0.1418741868959126,0.9898885763575164,0.6386728833533225,-0.20586628085058645
TELCEL,2.3954577828875214,-0.5208132465082106,-0.5430356808774592,0.7523519851504149,1.9554450709858984,2.3967605743000315
TELMEX,-0.7675715158243902,1.3019992565731209,2.299340270382034,0.12709275625015654,-0.6526916202447296,-0.4536784177265881
TOTALPLAY,-0.4138419904351158,0.10741039190115934,-0.5430356808774592,-0.9359722305240117,-0.5380251473682526,-0.5986453932064407
