proveedor_top,usuarios_totales,quejas_por_100k,tasa_conciliacion,mediana_dias_resolucion,promedio_monto_reclamado,promedio_porcentaje_recuperado
AT&T,42184165,5.556587406672622,0.4377133105802048,31.0,471.34460324232083,0.1158012059583896
IZZI,15489758,20.323106403599073,0.6372299872935197,34.0,279.3938818297331,0.23269557723700007
MEGACABLE,12009829,29.167775827615863,0.7142449329146446,21.0,160.96325149871538,0.3025995691367027
MOVISTAR,31934419,10.405700507656018,0.5335540174541077,36.0,520.423334336443,0.16950965255043265
TELCEL,162420073,5.56950864072078,0.5474242759230599,28.0,575.9833180411231,0.27367656905408944
TELMEX,19510076,9.825692119292615,0.6911841418883672,63.0,543.9074230568597,0.2111410002688685
TOTALPLAY,12241992,23.256019118457193,0.6308394801545486,28.0,174.1057674745346,0.22531538252000022
