proveedor_top,usuarios_totales,quejas_por_100k,tasa_conciliacion,mediana_dias_resolucion,promedio_monto_reclamado,promedio_porcentaje_recuperado
AT&T,-0.0014279891279375407,-1.0776074431771598,-1.7827713620018806,-0.2742901925294968,0.49296666881429846,-1.7806077877544417
IZZI,-0.5338664481521047,0.6305740727258302,0.4241556054280022,-0.03428627406618724,-0.6624283508261881,0.24263822740653074
MEGACABLE,-0.6032760452363745,1.6537198004035933,1.2760460999285248,-1.0743032540738622,-1.3752892322563954,1.452559385353662
MOVISTAR,-0.20586628085058645,-0.5166651270262139,-0.722642233640936,0.1257163382426858,0.7883827061134674,-0.8510044256828857
TELCEL,2.3967605743000315,-1.07611272304926,-0.5692182293691646,-0.5142941109928064,1.1228108759650046,0.9519506389823508
TELMEX,-0.4536784177265881,-0.5837601281078681,1.0209622520791268,2.285751604412472,0.9297387736952245,-0.130435441430016
TOTALPLAY,-0.5986453932064407,0.9698515482310784,0.3534678675763262,-0.5142941109928064,-1.2961814415054134,0.11489940312479828
